page,featured,fullscreen,description,src,
Рисунок,1,,,art-1.jpg,
Рисунок,1,,,art-2.jpg,
Рисунок,,,,art-3.jpg,
Рисунок,1,,,art-4.jpg,
Рисунок,1,,,art-5.jpg,
Рисунок,,,,art-6.jpg,
Рисунок,1,,,art-7.jpg,
Рисунок,1,,,art-8.jpg,
Дизайн,,1,Слайдеры Yves Rocher Belarus,design-1.jpg,
Дизайн,1,1,Рассылка на новую коллекцию ароматов от Yves Rocher,design-2.gif,
Дизайн,,1,Рассылки Yves Rocher,design-3.jpg,
Дизайн,,1,Рассылка на лимитированную коллекцию Yves Rocher,design-4.gif,
Дизайн,,1,Контекстная реклама распродажи,design-5.gif,
Дизайн,1,1,Контекстная реклама с размерами,design-6.jpg,
Дизайн,,1,Контекстная реклама подарка+доставки,design-7.gif,
Дизайн,1,1,Личный сайт. Работа с курса IT Academy,design-8.jpg,
Дизайн,,1,Редизайн музыкального сайта c курса IT Academy,design-9.jpg,
Дизайн,,1,Баннер Serge для Моцнай Картки,design-10.jpg,
Дизайн,,1,Контекстная реклама для BALMESSENCE,design-11.jpg,
Дизайн,1,1,Постер для семейного мероприятия в Dreamland,design-12.jpg,
Дизайн,,1,Дипломная работа БНТУ,design-13.jpg,
Дизайн,1,1,Визитка для магазина бижутерий,design-14.jpg,
Дизайн,1,1,Интернет-магазин цветов. Главная + рассылка,design-15.jpg,
Фото,1,,,photo-1.jpg,саша подмигивает
Фото,1,,,photo-2.jpg,Аня и Илья
Фото,1,,,photo-3.jpg,Алина
Фото,,,,photo-4.jpg,Маша Цыганкова
Фото,1,,,photo-5.jpg,Катя и Миша в голубом
Фото,1,,,photo-6.jpg,таня портрет
Фото,1,,,photo-7.jpg,Паша и Настя
Фото,,,,photo-8.jpg,Ксюша улыбается
Фото,,,,photo-9.jpg,Ира
Фото,,,,photo-10.jpg,милашка в кафе
Фото,,,,photo-11.jpg,Катя смотрит вниз
Фото,,,,photo-12.jpg,илья и Аня гуляют
Фото,,,,photo-13.jpg,Маша Чилек
Фото,1,,,photo-14.jpg,Паша и Настя брызги воды
Фото,,,,photo-15.jpg,Ангелина в движении
Фото,,,,photo-16.jpg,Влада гориз
Фото,,,,photo-17.jpg,Андрей и Аниса
Фото,,,,photo-18.jpg,Катя на фоне здания
Фото,,,,photo-19.jpg,Маша на лестнице фас
Фото,1,,,photo-20.jpg,ноги и отражение Насти и Паши
Фото,1,,,photo-21.jpg,Настя и Паша лежат
Фото,,,,photo-22.jpg,сестра ани
Фото,,,,photo-23.jpg,Илья и Аня закат
Фото,,,,photo-24.jpg,милашка вкрупным планом
Фото,,,,photo-25.jpg,Ангелина в движении
Фото,,,,photo-26.jpg,Ксюша и поцелуй
Фото,,,,photo-27.jpg,Ксюша с плечом
Фото,,,,photo-28.jpg,Чилек на лестнице
Фото,,,,photo-29.jpg,пара на белом фоне портрет
Фото,,,,photo-30.jpg,алина портрет радость
Фото,,,,photo-31.jpg,лекса весь рост
Фото,,,,photo-32.jpg,илья и аня смотрят друг на друга
Фото,,,,photo-33.jpg,Ксюша в городе
Фото,,,,photo-34.jpg,катя миша обнимашки
Фото,,,,photo-35.jpg,саша радость рука
Фото,,,,photo-36.jpg,чб
Фото,,,,photo-37.jpg,ноги на фоне трамвая
Фото,,,,photo-38.jpg,маша очки
Фото,,,,photo-39.jpg,паша обнимает
Фото,,,,photo-40.jpg,таня на кухне
Фото,,,,photo-41.jpg,лекса портрет
Фото,,,,photo-42.jpg,алина вертик радость
Фото,1,,,photo-43.jpg,чилек в спортзале смотрит сверху
Фото,,,,photo-44.jpg,в трамвае
Фото,,,,photo-45.jpg,саша крупный портрет добрая
Фото,,,,photo-46.jpg,в трамвае сидят
Фото,,,,photo-47.jpg,ира огни
Фото,,,,photo-48.jpg,яна портрет
Фото,,,,photo-49.jpg,лена
Фото,,,,photo-50.jpg,саша серьезная
Фото,,,,photo-51.jpg,красотка улыбается
Фото,,,,photo-52.jpg,движ на фоне трамвая
Фото,,,,photo-53.jpg,саша солнце
Фото,,,,photo-54.jpg,катя мша кусты
Фото,,,,photo-55.jpg,влада вертик
Фото,,,,photo-56.jpg,саша смотрит вниз
Фото,,,,photo-57.jpg,красотка вертик
Фото,,,,photo-58.jpg,портрет маши дениса
Фото,,,,photo-59.jpg,акробаты
Фото,,,,photo-60.jpg,алина город
Фото,,,,photo-61.jpg,яна поле
Фото,,,,photo-62.jpg,захаровы окно
Фото,,,,photo-63.jpg,саша городской вал
Фото,,,,photo-64.jpg,красотка галерея
Фото,,,,photo-65.jpg,в трамвае закат
Фото,,,,photo-66.jpg,лекса поезд
Фото,1,,,photo-67.jpg,Паша и Настя целует руку
Фото,,,,photo-68.jpg,захаровы портрет
Фото,,,,photo-69.jpg,наташа весь рост
Фото,,,,photo-70.jpg,наташа портрет
Фото,,,,photo-71.jpg,ребенок рука
Фото,,,,photo-72.jpg,ребенок рука
Фото,,,,photo-73.jpg,руки
Фото,,,,photo-74.jpg,
Фото,,,,photo-75.jpg,
Фото,,,,photo-76.jpg,
Фото,,,,photo-77.jpg,
Фото,,,,photo-78.jpg,
Фото,,,,photo-79.jpg,
Фото,,,,photo-80.jpg,
Фото,,,,photo-81.jpg,
Фото,,,,photo-82.jpg,
